timestamp,message
1618415326559,"START RequestId: a079e0dc-675f-4c7f-a8da-08b1beb0738a Version: $LATEST
"
1618415326562,"END RequestId: a079e0dc-675f-4c7f-a8da-08b1beb0738a
"
1618415326562,"REPORT RequestId: a079e0dc-675f-4c7f-a8da-08b1beb0738a	Duration: 2.14 ms	Billed Duration: 3 ms	Memory Size: 128 MB	Max Memory Used: 48 MB	Init Duration: 122.60 ms	
"
1618415453470,"START RequestId: 66737eec-f7e0-4985-a5b4-3a8ce97d5683 Version: $LATEST
"
1618415453475,"END RequestId: 66737eec-f7e0-4985-a5b4-3a8ce97d5683
"
1618415453475,"REPORT RequestId: 66737eec-f7e0-4985-a5b4-3a8ce97d5683	Duration: 1.52 ms	Billed Duration: 2 ms	Memory Size: 128 MB	Max Memory Used: 48 MB	
"
1618415454900,"START RequestId: f5de21db-bdfa-438c-9087-741f8b6359fc Version: $LATEST
"
1618415454904,"END RequestId: f5de21db-bdfa-438c-9087-741f8b6359fc
"
1618415454904,"REPORT RequestId: f5de21db-bdfa-438c-9087-741f8b6359fc	Duration: 1.49 ms	Billed Duration: 2 ms	Memory Size: 128 MB	Max Memory Used: 48 MB	
"
1618415456278,"START RequestId: 6e1050a5-3979-497d-bcbb-463fab9fe19f Version: $LATEST
"
1618415456282,"END RequestId: 6e1050a5-3979-497d-bcbb-463fab9fe19f
"
1618415456282,"REPORT RequestId: 6e1050a5-3979-497d-bcbb-463fab9fe19f	Duration: 1.45 ms	Billed Duration: 2 ms	Memory Size: 128 MB	Max Memory Used: 49 MB	
"
1618415457692,"START RequestId: c2015a97-36f6-4845-92f1-a5667c8d88a6 Version: $LATEST
"
1618415457697,"END RequestId: c2015a97-36f6-4845-92f1-a5667c8d88a6
"
1618415457697,"REPORT RequestId: c2015a97-36f6-4845-92f1-a5667c8d88a6	Duration: 1.41 ms	Billed Duration: 2 ms	Memory Size: 128 MB	Max Memory Used: 49 MB	
"
1618415459123,"START RequestId: bbcea36d-738d-4371-9a1b-4975d3fc0603 Version: $LATEST
"
1618415459129,"END RequestId: bbcea36d-738d-4371-9a1b-4975d3fc0603
"
1618415459129,"REPORT RequestId: bbcea36d-738d-4371-9a1b-4975d3fc0603	Duration: 1.64 ms	Billed Duration: 2 ms	Memory Size: 128 MB	Max Memory Used: 49 MB	
"
1618415460542,"START RequestId: 06bc0576-d73c-41fd-aa95-207a9c59eecf Version: $LATEST
"
1618415460549,"END RequestId: 06bc0576-d73c-41fd-aa95-207a9c59eecf
"
1618415460549,"REPORT RequestId: 06bc0576-d73c-41fd-aa95-207a9c59eecf	Duration: 1.37 ms	Billed Duration: 2 ms	Memory Size: 128 MB	Max Memory Used: 49 MB	
"
1618415461962,"START RequestId: 1f9f5bf2-b47e-4d3b-bad7-a6df6515a4f7 Version: $LATEST
"
1618415461967,"END RequestId: 1f9f5bf2-b47e-4d3b-bad7-a6df6515a4f7
"
1618415461967,"REPORT RequestId: 1f9f5bf2-b47e-4d3b-bad7-a6df6515a4f7	Duration: 1.48 ms	Billed Duration: 2 ms	Memory Size: 128 MB	Max Memory Used: 49 MB	
"
1618415463340,"START RequestId: 758e3c55-fbe2-4d35-b764-3018ce831f3f Version: $LATEST
"
1618415463344,"END RequestId: 758e3c55-fbe2-4d35-b764-3018ce831f3f
"
1618415463344,"REPORT RequestId: 758e3c55-fbe2-4d35-b764-3018ce831f3f	Duration: 1.50 ms	Billed Duration: 2 ms	Memory Size: 128 MB	Max Memory Used: 49 MB	
"
1618415464752,"START RequestId: 2899328f-f094-4f07-a13b-f81ec2bc386d Version: $LATEST
"
1618415464756,"END RequestId: 2899328f-f094-4f07-a13b-f81ec2bc386d
"
1618415464756,"REPORT RequestId: 2899328f-f094-4f07-a13b-f81ec2bc386d	Duration: 1.48 ms	Billed Duration: 2 ms	Memory Size: 128 MB	Max Memory Used: 49 MB	
"
1618415466201,"START RequestId: d1f6209b-da41-44ca-804e-095fd164a0bb Version: $LATEST
"
1618415466206,"END RequestId: d1f6209b-da41-44ca-804e-095fd164a0bb
"
1618415466206,"REPORT RequestId: d1f6209b-da41-44ca-804e-095fd164a0bb	Duration: 1.45 ms	Billed Duration: 2 ms	Memory Size: 128 MB	Max Memory Used: 49 MB	
"
1618415467631,"START RequestId: 118821eb-fa7e-41cd-854f-c0d871939984 Version: $LATEST
"
1618415467635,"END RequestId: 118821eb-fa7e-41cd-854f-c0d871939984
"
1618415467635,"REPORT RequestId: 118821eb-fa7e-41cd-854f-c0d871939984	Duration: 1.33 ms	Billed Duration: 2 ms	Memory Size: 128 MB	Max Memory Used: 49 MB	
"
1618415469051,"START RequestId: 46edfef2-0078-49c9-8c51-f03d414fb566 Version: $LATEST
"
1618415469058,"END RequestId: 46edfef2-0078-49c9-8c51-f03d414fb566
"
1618415469058,"REPORT RequestId: 46edfef2-0078-49c9-8c51-f03d414fb566	Duration: 1.40 ms	Billed Duration: 2 ms	Memory Size: 128 MB	Max Memory Used: 49 MB	
"
1618415470490,"START RequestId: f2858c16-5b61-4584-b459-bea0cbed7b37 Version: $LATEST
"
1618415470496,"END RequestId: f2858c16-5b61-4584-b459-bea0cbed7b37
"
1618415470496,"REPORT RequestId: f2858c16-5b61-4584-b459-bea0cbed7b37	Duration: 1.43 ms	Billed Duration: 2 ms	Memory Size: 128 MB	Max Memory Used: 49 MB	
"
1618415471925,"START RequestId: 11485bba-7d8e-4728-9256-656bfd81afb5 Version: $LATEST
"
1618415471929,"END RequestId: 11485bba-7d8e-4728-9256-656bfd81afb5
"
1618415471929,"REPORT RequestId: 11485bba-7d8e-4728-9256-656bfd81afb5	Duration: 1.39 ms	Billed Duration: 2 ms	Memory Size: 128 MB	Max Memory Used: 49 MB	
"
1618415473345,"START RequestId: 2279dce1-23a7-4ff8-acac-e4c6d4bede3e Version: $LATEST
"
1618415473351,"END RequestId: 2279dce1-23a7-4ff8-acac-e4c6d4bede3e
"
1618415473351,"REPORT RequestId: 2279dce1-23a7-4ff8-acac-e4c6d4bede3e	Duration: 1.45 ms	Billed Duration: 2 ms	Memory Size: 128 MB	Max Memory Used: 49 MB	
"
1618415474740,"START RequestId: 5e8a12da-5827-4654-bca0-a95af29cfc9e Version: $LATEST
"
1618415474744,"END RequestId: 5e8a12da-5827-4654-bca0-a95af29cfc9e
"
1618415474744,"REPORT RequestId: 5e8a12da-5827-4654-bca0-a95af29cfc9e	Duration: 1.39 ms	Billed Duration: 2 ms	Memory Size: 128 MB	Max Memory Used: 49 MB	
"
1618415476223,"START RequestId: c17ae4ed-8198-46ad-b212-060199355ed2 Version: $LATEST
"
1618415476246,"END RequestId: c17ae4ed-8198-46ad-b212-060199355ed2
"
1618415476246,"REPORT RequestId: c17ae4ed-8198-46ad-b212-060199355ed2	Duration: 2.04 ms	Billed Duration: 3 ms	Memory Size: 128 MB	Max Memory Used: 49 MB	
"
1618415477673,"START RequestId: d75a4f04-fe94-4b4c-a8e7-b0eefa205f07 Version: $LATEST
"
1618415477677,"END RequestId: d75a4f04-fe94-4b4c-a8e7-b0eefa205f07
"
1618415477677,"REPORT RequestId: d75a4f04-fe94-4b4c-a8e7-b0eefa205f07	Duration: 1.51 ms	Billed Duration: 2 ms	Memory Size: 128 MB	Max Memory Used: 49 MB	
"
1618415479139,"START RequestId: 13b46ebf-b9f0-40e5-ae59-ac6a584dbdaf Version: $LATEST
"
1618415479143,"END RequestId: 13b46ebf-b9f0-40e5-ae59-ac6a584dbdaf
"
1618415479143,"REPORT RequestId: 13b46ebf-b9f0-40e5-ae59-ac6a584dbdaf	Duration: 1.47 ms	Billed Duration: 2 ms	Memory Size: 128 MB	Max Memory Used: 49 MB	
"
1618415480538,"START RequestId: a986683d-5bf1-4df5-a775-146ad4d4fbd7 Version: $LATEST
"
1618415480543,"END RequestId: a986683d-5bf1-4df5-a775-146ad4d4fbd7
"
1618415480543,"REPORT RequestId: a986683d-5bf1-4df5-a775-146ad4d4fbd7	Duration: 1.45 ms	Billed Duration: 2 ms	Memory Size: 128 MB	Max Memory Used: 49 MB	
"
1618415481956,"START RequestId: 9e9613a4-5dc1-4a5c-b1dc-a320c1194915 Version: $LATEST
"
1618415481962,"END RequestId: 9e9613a4-5dc1-4a5c-b1dc-a320c1194915
"
1618415481962,"REPORT RequestId: 9e9613a4-5dc1-4a5c-b1dc-a320c1194915	Duration: 1.48 ms	Billed Duration: 2 ms	Memory Size: 128 MB	Max Memory Used: 50 MB	
"
1618415483368,"START RequestId: 0bcbc013-ee4a-4e38-92ee-7f8d250d156d Version: $LATEST
"
1618415483374,"END RequestId: 0bcbc013-ee4a-4e38-92ee-7f8d250d156d
"
1618415483374,"REPORT RequestId: 0bcbc013-ee4a-4e38-92ee-7f8d250d156d	Duration: 1.51 ms	Billed Duration: 2 ms	Memory Size: 128 MB	Max Memory Used: 50 MB	
"
1618415484771,"START RequestId: 5853383b-e2d5-463b-8c98-dbabe0c8980a Version: $LATEST
"
1618415484775,"END RequestId: 5853383b-e2d5-463b-8c98-dbabe0c8980a
"
1618415484775,"REPORT RequestId: 5853383b-e2d5-463b-8c98-dbabe0c8980a	Duration: 1.51 ms	Billed Duration: 2 ms	Memory Size: 128 MB	Max Memory Used: 50 MB	
"
1618415486214,"START RequestId: 325d3757-a852-42be-ac7e-de2133042995 Version: $LATEST
"
1618415486219,"END RequestId: 325d3757-a852-42be-ac7e-de2133042995
"
1618415486219,"REPORT RequestId: 325d3757-a852-42be-ac7e-de2133042995	Duration: 1.47 ms	Billed Duration: 2 ms	Memory Size: 128 MB	Max Memory Used: 50 MB	
"
1618415487625,"START RequestId: 716aeb39-d092-4fcb-a6d0-29cb72e70136 Version: $LATEST
"
1618415487634,"END RequestId: 716aeb39-d092-4fcb-a6d0-29cb72e70136
"
1618415487634,"REPORT RequestId: 716aeb39-d092-4fcb-a6d0-29cb72e70136	Duration: 2.80 ms	Billed Duration: 3 ms	Memory Size: 128 MB	Max Memory Used: 50 MB	
"
1618415489053,"START RequestId: 9df1473f-0c01-44d4-8646-365bd40588bc Version: $LATEST
"
1618415489057,"END RequestId: 9df1473f-0c01-44d4-8646-365bd40588bc
"
1618415489057,"REPORT RequestId: 9df1473f-0c01-44d4-8646-365bd40588bc	Duration: 1.53 ms	Billed Duration: 2 ms	Memory Size: 128 MB	Max Memory Used: 50 MB	
"
1618415490445,"START RequestId: da92e87e-aac8-4b4c-b1df-4935e81d9f13 Version: $LATEST
"
1618415490450,"END RequestId: da92e87e-aac8-4b4c-b1df-4935e81d9f13
"
1618415490450,"REPORT RequestId: da92e87e-aac8-4b4c-b1df-4935e81d9f13	Duration: 1.42 ms	Billed Duration: 2 ms	Memory Size: 128 MB	Max Memory Used: 50 MB	
"
1618415491848,"START RequestId: a1250162-b505-42bb-8687-1ea0435413ad Version: $LATEST
"
1618415491853,"END RequestId: a1250162-b505-42bb-8687-1ea0435413ad
"
1618415491853,"REPORT RequestId: a1250162-b505-42bb-8687-1ea0435413ad	Duration: 1.48 ms	Billed Duration: 2 ms	Memory Size: 128 MB	Max Memory Used: 50 MB	
"
1618415493256,"START RequestId: c91dc830-dd4e-4756-9a04-ea1656ef0477 Version: $LATEST
"
1618415493260,"END RequestId: c91dc830-dd4e-4756-9a04-ea1656ef0477
"
1618415493260,"REPORT RequestId: c91dc830-dd4e-4756-9a04-ea1656ef0477	Duration: 1.49 ms	Billed Duration: 2 ms	Memory Size: 128 MB	Max Memory Used: 50 MB	
"
1618415494647,"START RequestId: a9d5d9f5-881d-4398-b4e3-0dd2b21b2a00 Version: $LATEST
"
1618415494654,"END RequestId: a9d5d9f5-881d-4398-b4e3-0dd2b21b2a00
"
1618415494654,"REPORT RequestId: a9d5d9f5-881d-4398-b4e3-0dd2b21b2a00	Duration: 1.38 ms	Billed Duration: 2 ms	Memory Size: 128 MB	Max Memory Used: 50 MB	
"
1618415496059,"START RequestId: ba4b5793-a148-4387-9c5b-c24c7a0851c0 Version: $LATEST
"
1618415496065,"END RequestId: ba4b5793-a148-4387-9c5b-c24c7a0851c0
"
1618415496065,"REPORT RequestId: ba4b5793-a148-4387-9c5b-c24c7a0851c0	Duration: 1.52 ms	Billed Duration: 2 ms	Memory Size: 128 MB	Max Memory Used: 50 MB	
"
1618415497492,"START RequestId: 5c8d0f2f-aaa9-4fc9-ad4e-1b0cd8e62a3b Version: $LATEST
"
1618415497497,"END RequestId: 5c8d0f2f-aaa9-4fc9-ad4e-1b0cd8e62a3b
"
1618415497497,"REPORT RequestId: 5c8d0f2f-aaa9-4fc9-ad4e-1b0cd8e62a3b	Duration: 1.43 ms	Billed Duration: 2 ms	Memory Size: 128 MB	Max Memory Used: 51 MB	
"
1618415498918,"START RequestId: 2168e170-7524-4716-82da-84585b3aad45 Version: $LATEST
"
1618415498923,"END RequestId: 2168e170-7524-4716-82da-84585b3aad45
"
1618415498923,"REPORT RequestId: 2168e170-7524-4716-82da-84585b3aad45	Duration: 1.31 ms	Billed Duration: 2 ms	Memory Size: 128 MB	Max Memory Used: 51 MB	
"
1618415500344,"START RequestId: 257ac623-092c-4f03-b6bb-e23fbed0770c Version: $LATEST
"
1618415500348,"END RequestId: 257ac623-092c-4f03-b6bb-e23fbed0770c
"
1618415500348,"REPORT RequestId: 257ac623-092c-4f03-b6bb-e23fbed0770c	Duration: 1.48 ms	Billed Duration: 2 ms	Memory Size: 128 MB	Max Memory Used: 51 MB	
"
1618415501810,"START RequestId: 95ccf89d-f11a-4d08-b7fd-209239a9aa38 Version: $LATEST
"
1618415501815,"END RequestId: 95ccf89d-f11a-4d08-b7fd-209239a9aa38
"
1618415501815,"REPORT RequestId: 95ccf89d-f11a-4d08-b7fd-209239a9aa38	Duration: 1.93 ms	Billed Duration: 2 ms	Memory Size: 128 MB	Max Memory Used: 51 MB	
"
1618415503230,"START RequestId: 91ad1096-194e-4f23-8296-f778528a3036 Version: $LATEST
"
1618415503234,"END RequestId: 91ad1096-194e-4f23-8296-f778528a3036
"
1618415503234,"REPORT RequestId: 91ad1096-194e-4f23-8296-f778528a3036	Duration: 1.44 ms	Billed Duration: 2 ms	Memory Size: 128 MB	Max Memory Used: 51 MB	
"
1618415504672,"START RequestId: 972b424e-daed-4fb2-bb7a-73ca7a36f799 Version: $LATEST
"
1618415504677,"END RequestId: 972b424e-daed-4fb2-bb7a-73ca7a36f799
"
1618415504677,"REPORT RequestId: 972b424e-daed-4fb2-bb7a-73ca7a36f799	Duration: 1.43 ms	Billed Duration: 2 ms	Memory Size: 128 MB	Max Memory Used: 51 MB	
"
1618415506146,"START RequestId: 644f6145-ce5f-4c7e-8dc1-70a627d5e7c6 Version: $LATEST
"
1618415506150,"END RequestId: 644f6145-ce5f-4c7e-8dc1-70a627d5e7c6
"
1618415506150,"REPORT RequestId: 644f6145-ce5f-4c7e-8dc1-70a627d5e7c6	Duration: 1.54 ms	Billed Duration: 2 ms	Memory Size: 128 MB	Max Memory Used: 51 MB	
"
1618415507551,"START RequestId: d862aa88-0ca6-4e01-ab86-c5da1fbc8d10 Version: $LATEST
"
1618415507555,"END RequestId: d862aa88-0ca6-4e01-ab86-c5da1fbc8d10
"
1618415507555,"REPORT RequestId: d862aa88-0ca6-4e01-ab86-c5da1fbc8d10	Duration: 1.42 ms	Billed Duration: 2 ms	Memory Size: 128 MB	Max Memory Used: 51 MB	
"
1618415508984,"START RequestId: da7d979b-6880-4443-b8d1-80f5cf87d949 Version: $LATEST
"
1618415508988,"END RequestId: da7d979b-6880-4443-b8d1-80f5cf87d949
"
1618415508988,"REPORT RequestId: da7d979b-6880-4443-b8d1-80f5cf87d949	Duration: 1.32 ms	Billed Duration: 2 ms	Memory Size: 128 MB	Max Memory Used: 51 MB	
"
1618415510444,"START RequestId: c84ae497-42a1-4164-8a9c-846f11ef7a27 Version: $LATEST
"
1618415510448,"END RequestId: c84ae497-42a1-4164-8a9c-846f11ef7a27
"
1618415510448,"REPORT RequestId: c84ae497-42a1-4164-8a9c-846f11ef7a27	Duration: 1.50 ms	Billed Duration: 2 ms	Memory Size: 128 MB	Max Memory Used: 51 MB	
"
1618415511857,"START RequestId: 86bcb9af-6722-4119-a84b-70ab45166a46 Version: $LATEST
"
1618415511861,"END RequestId: 86bcb9af-6722-4119-a84b-70ab45166a46
"
1618415511861,"REPORT RequestId: 86bcb9af-6722-4119-a84b-70ab45166a46	Duration: 1.49 ms	Billed Duration: 2 ms	Memory Size: 128 MB	Max Memory Used: 51 MB	
"
1618415513269,"START RequestId: cb49511a-1916-47cd-b96b-79ef392b5258 Version: $LATEST
"
1618415513274,"END RequestId: cb49511a-1916-47cd-b96b-79ef392b5258
"
1618415513274,"REPORT RequestId: cb49511a-1916-47cd-b96b-79ef392b5258	Duration: 2.02 ms	Billed Duration: 3 ms	Memory Size: 128 MB	Max Memory Used: 51 MB	
"
1618415514703,"START RequestId: 4a7d1032-5ff4-4cc3-8e0e-d2874ebe0730 Version: $LATEST
"
1618415514707,"END RequestId: 4a7d1032-5ff4-4cc3-8e0e-d2874ebe0730
"
1618415514707,"REPORT RequestId: 4a7d1032-5ff4-4cc3-8e0e-d2874ebe0730	Duration: 1.50 ms	Billed Duration: 2 ms	Memory Size: 128 MB	Max Memory Used: 51 MB	
"
1618415516104,"START RequestId: 8926f458-82b6-401e-9231-6c285565c43d Version: $LATEST
"
1618415516109,"END RequestId: 8926f458-82b6-401e-9231-6c285565c43d
"
1618415516109,"REPORT RequestId: 8926f458-82b6-401e-9231-6c285565c43d	Duration: 1.67 ms	Billed Duration: 2 ms	Memory Size: 128 MB	Max Memory Used: 51 MB	
"
1618415517496,"START RequestId: e09c220c-e0f0-445e-b7fe-fe2ff4a378ab Version: $LATEST
"
1618415517501,"END RequestId: e09c220c-e0f0-445e-b7fe-fe2ff4a378ab
"
1618415517501,"REPORT RequestId: e09c220c-e0f0-445e-b7fe-fe2ff4a378ab	Duration: 2.14 ms	Billed Duration: 3 ms	Memory Size: 128 MB	Max Memory Used: 51 MB	
"
1618415518891,"START RequestId: 6e315460-fd88-41f9-a292-9f107e8907b3 Version: $LATEST
"
1618415518894,"END RequestId: 6e315460-fd88-41f9-a292-9f107e8907b3
"
1618415518894,"REPORT RequestId: 6e315460-fd88-41f9-a292-9f107e8907b3	Duration: 1.42 ms	Billed Duration: 2 ms	Memory Size: 128 MB	Max Memory Used: 51 MB	
"
1618415520360,"START RequestId: 4c0a28c3-8c3c-4321-a1dd-5824020d4bc2 Version: $LATEST
"
1618415520367,"END RequestId: 4c0a28c3-8c3c-4321-a1dd-5824020d4bc2
"
1618415520367,"REPORT RequestId: 4c0a28c3-8c3c-4321-a1dd-5824020d4bc2	Duration: 1.60 ms	Billed Duration: 2 ms	Memory Size: 128 MB	Max Memory Used: 51 MB	
"
1618415521793,"START RequestId: a586c2af-728f-436a-9f8d-c876b93af852 Version: $LATEST
"
1618415521798,"END RequestId: a586c2af-728f-436a-9f8d-c876b93af852
"
1618415521798,"REPORT RequestId: a586c2af-728f-436a-9f8d-c876b93af852	Duration: 1.49 ms	Billed Duration: 2 ms	Memory Size: 128 MB	Max Memory Used: 51 MB	
"
1618415523263,"START RequestId: 40e22eca-7852-4857-aa64-6d7d22eb2535 Version: $LATEST
"
1618415523268,"END RequestId: 40e22eca-7852-4857-aa64-6d7d22eb2535
"
1618415523268,"REPORT RequestId: 40e22eca-7852-4857-aa64-6d7d22eb2535	Duration: 1.39 ms	Billed Duration: 2 ms	Memory Size: 128 MB	Max Memory Used: 51 MB	
"
1618415524708,"START RequestId: fa2d094b-8666-4733-9336-d55ce6c0c53e Version: $LATEST
"
1618415524712,"END RequestId: fa2d094b-8666-4733-9336-d55ce6c0c53e
"
1618415524712,"REPORT RequestId: fa2d094b-8666-4733-9336-d55ce6c0c53e	Duration: 1.42 ms	Billed Duration: 2 ms	Memory Size: 128 MB	Max Memory Used: 51 MB	
"
1618415526151,"START RequestId: e54eb696-d1c8-48bc-9370-6acae9545c2e Version: $LATEST
"
1618415526155,"END RequestId: e54eb696-d1c8-48bc-9370-6acae9545c2e
"
1618415526155,"REPORT RequestId: e54eb696-d1c8-48bc-9370-6acae9545c2e	Duration: 1.38 ms	Billed Duration: 2 ms	Memory Size: 128 MB	Max Memory Used: 51 MB	
"
1618415527550,"START RequestId: 925a76be-2cfa-4157-9c5d-6472404154d8 Version: $LATEST
"
1618415527554,"END RequestId: 925a76be-2cfa-4157-9c5d-6472404154d8
"
1618415527554,"REPORT RequestId: 925a76be-2cfa-4157-9c5d-6472404154d8	Duration: 1.39 ms	Billed Duration: 2 ms	Memory Size: 128 MB	Max Memory Used: 51 MB	
"
1618415528957,"START RequestId: f9448fce-2dea-4636-a225-d0790b59af2b Version: $LATEST
"
1618415528961,"END RequestId: f9448fce-2dea-4636-a225-d0790b59af2b
"
1618415528961,"REPORT RequestId: f9448fce-2dea-4636-a225-d0790b59af2b	Duration: 1.53 ms	Billed Duration: 2 ms	Memory Size: 128 MB	Max Memory Used: 51 MB	
"
1618415530392,"START RequestId: 72b3c6a4-79f4-4100-92ca-ca72de159620 Version: $LATEST
"
1618415530406,"END RequestId: 72b3c6a4-79f4-4100-92ca-ca72de159620
"
1618415530406,"REPORT RequestId: 72b3c6a4-79f4-4100-92ca-ca72de159620	Duration: 1.41 ms	Billed Duration: 2 ms	Memory Size: 128 MB	Max Memory Used: 51 MB	
"
1618415531842,"START RequestId: 4ea90b38-48c4-4e16-8f41-c7f3b99b7fb3 Version: $LATEST
"
1618415531846,"END RequestId: 4ea90b38-48c4-4e16-8f41-c7f3b99b7fb3
"
1618415531846,"REPORT RequestId: 4ea90b38-48c4-4e16-8f41-c7f3b99b7fb3	Duration: 1.49 ms	Billed Duration: 2 ms	Memory Size: 128 MB	Max Memory Used: 51 MB	
"
1618415533269,"START RequestId: 8ae89443-0263-4c3d-b06d-ee97a5fac664 Version: $LATEST
"
1618415533276,"END RequestId: 8ae89443-0263-4c3d-b06d-ee97a5fac664
"
1618415533276,"REPORT RequestId: 8ae89443-0263-4c3d-b06d-ee97a5fac664	Duration: 1.79 ms	Billed Duration: 2 ms	Memory Size: 128 MB	Max Memory Used: 51 MB	
"
1618415534690,"START RequestId: 85ffb5c5-7cd5-4b77-bfb9-e0c75bd975ba Version: $LATEST
"
1618415534694,"END RequestId: 85ffb5c5-7cd5-4b77-bfb9-e0c75bd975ba
"
1618415534694,"REPORT RequestId: 85ffb5c5-7cd5-4b77-bfb9-e0c75bd975ba	Duration: 1.43 ms	Billed Duration: 2 ms	Memory Size: 128 MB	Max Memory Used: 51 MB	
"
1618415536155,"START RequestId: a116d6f8-ba2f-4c13-ab85-80a758cdef3e Version: $LATEST
"
1618415536160,"END RequestId: a116d6f8-ba2f-4c13-ab85-80a758cdef3e
"
1618415536160,"REPORT RequestId: a116d6f8-ba2f-4c13-ab85-80a758cdef3e	Duration: 1.33 ms	Billed Duration: 2 ms	Memory Size: 128 MB	Max Memory Used: 51 MB	
"
1618415537580,"START RequestId: 1c81f758-ec35-477d-8f19-6cd91ef6c437 Version: $LATEST
"
1618415537586,"END RequestId: 1c81f758-ec35-477d-8f19-6cd91ef6c437
"
1618415537586,"REPORT RequestId: 1c81f758-ec35-477d-8f19-6cd91ef6c437	Duration: 1.51 ms	Billed Duration: 2 ms	Memory Size: 128 MB	Max Memory Used: 51 MB	
"
1618415539002,"START RequestId: 62db7648-4d2e-42df-83c5-cecb2cd0c977 Version: $LATEST
"
1618415539007,"END RequestId: 62db7648-4d2e-42df-83c5-cecb2cd0c977
"
1618415539007,"REPORT RequestId: 62db7648-4d2e-42df-83c5-cecb2cd0c977	Duration: 1.53 ms	Billed Duration: 2 ms	Memory Size: 128 MB	Max Memory Used: 51 MB	
"
1618415540423,"START RequestId: 88b656d3-c519-4bf3-8566-8d9c9c5c3b7b Version: $LATEST
"
1618415540429,"END RequestId: 88b656d3-c519-4bf3-8566-8d9c9c5c3b7b
"
1618415540429,"REPORT RequestId: 88b656d3-c519-4bf3-8566-8d9c9c5c3b7b	Duration: 1.40 ms	Billed Duration: 2 ms	Memory Size: 128 MB	Max Memory Used: 51 MB	
"
1618415541878,"START RequestId: dd1af76a-2558-46bf-9e2b-1847dcda5907 Version: $LATEST
"
1618415541882,"END RequestId: dd1af76a-2558-46bf-9e2b-1847dcda5907
"
1618415541882,"REPORT RequestId: dd1af76a-2558-46bf-9e2b-1847dcda5907	Duration: 1.45 ms	Billed Duration: 2 ms	Memory Size: 128 MB	Max Memory Used: 51 MB	
"
1618415543325,"START RequestId: 261bd844-f09d-4db8-af60-11ecb0e494b8 Version: $LATEST
"
1618415543330,"END RequestId: 261bd844-f09d-4db8-af60-11ecb0e494b8
"
1618415543330,"REPORT RequestId: 261bd844-f09d-4db8-af60-11ecb0e494b8	Duration: 1.45 ms	Billed Duration: 2 ms	Memory Size: 128 MB	Max Memory Used: 51 MB	
"
1618415544770,"START RequestId: e043d42f-b855-4a9a-a647-916b1b4d1f05 Version: $LATEST
"
1618415544774,"END RequestId: e043d42f-b855-4a9a-a647-916b1b4d1f05
"
1618415544774,"REPORT RequestId: e043d42f-b855-4a9a-a647-916b1b4d1f05	Duration: 1.35 ms	Billed Duration: 2 ms	Memory Size: 128 MB	Max Memory Used: 51 MB	
"
1618415546240,"START RequestId: 469cc33b-0705-4c83-9ec6-a120ff9cdc70 Version: $LATEST
"
1618415546246,"END RequestId: 469cc33b-0705-4c83-9ec6-a120ff9cdc70
"
1618415546246,"REPORT RequestId: 469cc33b-0705-4c83-9ec6-a120ff9cdc70	Duration: 1.35 ms	Billed Duration: 2 ms	Memory Size: 128 MB	Max Memory Used: 51 MB	
"
1618415547664,"START RequestId: 8d32d56b-b5eb-4cb6-b736-77237c20e314 Version: $LATEST
"
1618415547669,"END RequestId: 8d32d56b-b5eb-4cb6-b736-77237c20e314
"
1618415547669,"REPORT RequestId: 8d32d56b-b5eb-4cb6-b736-77237c20e314	Duration: 1.77 ms	Billed Duration: 2 ms	Memory Size: 128 MB	Max Memory Used: 51 MB	
"
1618415549102,"START RequestId: bcd49135-cf31-4a70-add2-8e4caeb38f8a Version: $LATEST
"
1618415549107,"END RequestId: bcd49135-cf31-4a70-add2-8e4caeb38f8a
"
1618415549107,"REPORT RequestId: bcd49135-cf31-4a70-add2-8e4caeb38f8a	Duration: 1.40 ms	Billed Duration: 2 ms	Memory Size: 128 MB	Max Memory Used: 51 MB	
"
1618415550567,"START RequestId: 56b72862-74b0-404b-9a80-5e384fbbfb49 Version: $LATEST
"
1618415550573,"END RequestId: 56b72862-74b0-404b-9a80-5e384fbbfb49
"
1618415550573,"REPORT RequestId: 56b72862-74b0-404b-9a80-5e384fbbfb49	Duration: 2.38 ms	Billed Duration: 3 ms	Memory Size: 128 MB	Max Memory Used: 51 MB	
"
1618415552023,"START RequestId: 6e38fe73-257e-49f7-a569-5de5e9b40313 Version: $LATEST
"
1618415552029,"END RequestId: 6e38fe73-257e-49f7-a569-5de5e9b40313
"
1618415552029,"REPORT RequestId: 6e38fe73-257e-49f7-a569-5de5e9b40313	Duration: 1.36 ms	Billed Duration: 2 ms	Memory Size: 128 MB	Max Memory Used: 51 MB	
"
1618415553436,"START RequestId: ff452f5b-1ea6-400e-897a-cce799c2f6bc Version: $LATEST
"
1618415553440,"END RequestId: ff452f5b-1ea6-400e-897a-cce799c2f6bc
"
1618415553440,"REPORT RequestId: ff452f5b-1ea6-400e-897a-cce799c2f6bc	Duration: 1.36 ms	Billed Duration: 2 ms	Memory Size: 128 MB	Max Memory Used: 51 MB	
"
1618415554840,"START RequestId: 16b701c9-0979-4d1e-af9d-a11570935d0a Version: $LATEST
"
1618415554845,"END RequestId: 16b701c9-0979-4d1e-af9d-a11570935d0a
"
1618415554845,"REPORT RequestId: 16b701c9-0979-4d1e-af9d-a11570935d0a	Duration: 1.29 ms	Billed Duration: 2 ms	Memory Size: 128 MB	Max Memory Used: 51 MB	
"
1618415556340,"START RequestId: 04dff608-226a-4e66-8c29-c3ddacb7e40c Version: $LATEST
"
1618415556346,"END RequestId: 04dff608-226a-4e66-8c29-c3ddacb7e40c
"
1618415556346,"REPORT RequestId: 04dff608-226a-4e66-8c29-c3ddacb7e40c	Duration: 1.34 ms	Billed Duration: 2 ms	Memory Size: 128 MB	Max Memory Used: 51 MB	
"
1618415557747,"START RequestId: 363789da-6d55-472d-b518-099013e38246 Version: $LATEST
"
1618415557751,"END RequestId: 363789da-6d55-472d-b518-099013e38246
"
1618415557751,"REPORT RequestId: 363789da-6d55-472d-b518-099013e38246	Duration: 1.30 ms	Billed Duration: 2 ms	Memory Size: 128 MB	Max Memory Used: 51 MB	
"
1618415559183,"START RequestId: b8c1e7dd-b6aa-4058-9879-d828ed558c1c Version: $LATEST
"
1618415559186,"END RequestId: b8c1e7dd-b6aa-4058-9879-d828ed558c1c
"
1618415559186,"REPORT RequestId: b8c1e7dd-b6aa-4058-9879-d828ed558c1c	Duration: 1.27 ms	Billed Duration: 2 ms	Memory Size: 128 MB	Max Memory Used: 51 MB	
"
1618415560611,"START RequestId: a3ea1568-f1e9-48c8-b80c-65e7250c1157 Version: $LATEST
"
1618415560623,"END RequestId: a3ea1568-f1e9-48c8-b80c-65e7250c1157
"
1618415560623,"REPORT RequestId: a3ea1568-f1e9-48c8-b80c-65e7250c1157	Duration: 1.33 ms	Billed Duration: 2 ms	Memory Size: 128 MB	Max Memory Used: 51 MB	
"
1618415567030,"START RequestId: 4233aac0-a903-49ec-afe0-c3ad6e23201a Version: $LATEST
"
1618415567035,"END RequestId: 4233aac0-a903-49ec-afe0-c3ad6e23201a
"
1618415567035,"REPORT RequestId: 4233aac0-a903-49ec-afe0-c3ad6e23201a	Duration: 1.40 ms	Billed Duration: 2 ms	Memory Size: 128 MB	Max Memory Used: 51 MB	
"
1618415568471,"START RequestId: 69d6afd3-8660-452d-a752-d2c6436438bc Version: $LATEST
"
1618415568475,"END RequestId: 69d6afd3-8660-452d-a752-d2c6436438bc
"
1618415568475,"REPORT RequestId: 69d6afd3-8660-452d-a752-d2c6436438bc	Duration: 1.92 ms	Billed Duration: 2 ms	Memory Size: 128 MB	Max Memory Used: 52 MB	
"
1618415569883,"START RequestId: c08fbfe0-ef1e-4bc6-99e8-d0dbc840b658 Version: $LATEST
"
1618415569888,"END RequestId: c08fbfe0-ef1e-4bc6-99e8-d0dbc840b658
"
1618415569888,"REPORT RequestId: c08fbfe0-ef1e-4bc6-99e8-d0dbc840b658	Duration: 1.35 ms	Billed Duration: 2 ms	Memory Size: 128 MB	Max Memory Used: 52 MB	
"
1618415571288,"START RequestId: 8d8f6e0f-46b1-4776-a386-0042a82eeab5 Version: $LATEST
"
1618415571292,"END RequestId: 8d8f6e0f-46b1-4776-a386-0042a82eeab5
"
1618415571292,"REPORT RequestId: 8d8f6e0f-46b1-4776-a386-0042a82eeab5	Duration: 1.28 ms	Billed Duration: 2 ms	Memory Size: 128 MB	Max Memory Used: 52 MB	
"
1618415572721,"START RequestId: edd876d7-80a1-4155-a41a-5ce8195f02a3 Version: $LATEST
"
1618415572725,"END RequestId: edd876d7-80a1-4155-a41a-5ce8195f02a3
"
1618415572725,"REPORT RequestId: edd876d7-80a1-4155-a41a-5ce8195f02a3	Duration: 1.30 ms	Billed Duration: 2 ms	Memory Size: 128 MB	Max Memory Used: 52 MB	
"
1618415574195,"START RequestId: 60f80ff5-269e-4f6f-9495-906251f0ae93 Version: $LATEST
"
1618415574200,"END RequestId: 60f80ff5-269e-4f6f-9495-906251f0ae93
"
1618415574200,"REPORT RequestId: 60f80ff5-269e-4f6f-9495-906251f0ae93	Duration: 1.35 ms	Billed Duration: 2 ms	Memory Size: 128 MB	Max Memory Used: 52 MB	
"
1618415575604,"START RequestId: 5c64fd19-9110-4f12-97e0-ae5187ce31cc Version: $LATEST
"
1618415575609,"END RequestId: 5c64fd19-9110-4f12-97e0-ae5187ce31cc
"
1618415575609,"REPORT RequestId: 5c64fd19-9110-4f12-97e0-ae5187ce31cc	Duration: 1.40 ms	Billed Duration: 2 ms	Memory Size: 128 MB	Max Memory Used: 52 MB	
"
1618415577009,"START RequestId: 01fec2a9-de0c-4573-b776-4a484688af20 Version: $LATEST
"
1618415577013,"END RequestId: 01fec2a9-de0c-4573-b776-4a484688af20
"
1618415577013,"REPORT RequestId: 01fec2a9-de0c-4573-b776-4a484688af20	Duration: 1.32 ms	Billed Duration: 2 ms	Memory Size: 128 MB	Max Memory Used: 52 MB	
"
1618415578418,"START RequestId: e8de4156-696b-4249-9f69-74e43136b481 Version: $LATEST
"
1618415578422,"END RequestId: e8de4156-696b-4249-9f69-74e43136b481
"
1618415578422,"REPORT RequestId: e8de4156-696b-4249-9f69-74e43136b481	Duration: 1.52 ms	Billed Duration: 2 ms	Memory Size: 128 MB	Max Memory Used: 52 MB	
"
1618415579822,"START RequestId: b16c8183-0ad3-44ad-a739-631479510d45 Version: $LATEST
"
1618415579827,"END RequestId: b16c8183-0ad3-44ad-a739-631479510d45
"
1618415579827,"REPORT RequestId: b16c8183-0ad3-44ad-a739-631479510d45	Duration: 1.27 ms	Billed Duration: 2 ms	Memory Size: 128 MB	Max Memory Used: 52 MB	
"
1618415581260,"START RequestId: c5482c78-7ed9-4dd2-aaf1-267803fbb0cc Version: $LATEST
"
1618415581265,"END RequestId: c5482c78-7ed9-4dd2-aaf1-267803fbb0cc
"
1618415581265,"REPORT RequestId: c5482c78-7ed9-4dd2-aaf1-267803fbb0cc	Duration: 1.55 ms	Billed Duration: 2 ms	Memory Size: 128 MB	Max Memory Used: 52 MB	
"
1618415582670,"START RequestId: 7704a80e-1fec-46ec-b033-c4a05e73aa06 Version: $LATEST
"
1618415582675,"END RequestId: 7704a80e-1fec-46ec-b033-c4a05e73aa06
"
1618415582675,"REPORT RequestId: 7704a80e-1fec-46ec-b033-c4a05e73aa06	Duration: 1.43 ms	Billed Duration: 2 ms	Memory Size: 128 MB	Max Memory Used: 52 MB	
"
1618415584076,"START RequestId: 0dee9640-6b84-40cc-825e-855625bc8871 Version: $LATEST
"
1618415584082,"END RequestId: 0dee9640-6b84-40cc-825e-855625bc8871
"
1618415584082,"REPORT RequestId: 0dee9640-6b84-40cc-825e-855625bc8871	Duration: 2.11 ms	Billed Duration: 3 ms	Memory Size: 128 MB	Max Memory Used: 52 MB	
"
1618415585485,"START RequestId: 8e3fc16b-9050-4047-b720-6c4906e09e3c Version: $LATEST
"
1618415585490,"END RequestId: 8e3fc16b-9050-4047-b720-6c4906e09e3c
"
1618415585490,"REPORT RequestId: 8e3fc16b-9050-4047-b720-6c4906e09e3c	Duration: 1.45 ms	Billed Duration: 2 ms	Memory Size: 128 MB	Max Memory Used: 52 MB	
"
1618415586887,"START RequestId: faf16e3e-cebc-45ea-8530-b753c987cf71 Version: $LATEST
"
1618415586893,"END RequestId: faf16e3e-cebc-45ea-8530-b753c987cf71
"
1618415586893,"REPORT RequestId: faf16e3e-cebc-45ea-8530-b753c987cf71	Duration: 1.34 ms	Billed Duration: 2 ms	Memory Size: 128 MB	Max Memory Used: 52 MB	
"
1618415588319,"START RequestId: cb0ccdbe-07a9-45e3-9a20-b4d7c5be2b5b Version: $LATEST
"
1618415588324,"END RequestId: cb0ccdbe-07a9-45e3-9a20-b4d7c5be2b5b
"
1618415588324,"REPORT RequestId: cb0ccdbe-07a9-45e3-9a20-b4d7c5be2b5b	Duration: 1.43 ms	Billed Duration: 2 ms	Memory Size: 128 MB	Max Memory Used: 52 MB	
"
1618415589749,"START RequestId: 2ca8c409-84bd-47ba-8583-939d8cab6293 Version: $LATEST
"
1618415589754,"END RequestId: 2ca8c409-84bd-47ba-8583-939d8cab6293
"
1618415589754,"REPORT RequestId: 2ca8c409-84bd-47ba-8583-939d8cab6293	Duration: 1.37 ms	Billed Duration: 2 ms	Memory Size: 128 MB	Max Memory Used: 52 MB	
"
1618415591206,"START RequestId: 28e32ec6-adaf-4f61-afed-172caba72339 Version: $LATEST
"
1618415591211,"END RequestId: 28e32ec6-adaf-4f61-afed-172caba72339
"
1618415591211,"REPORT RequestId: 28e32ec6-adaf-4f61-afed-172caba72339	Duration: 1.35 ms	Billed Duration: 2 ms	Memory Size: 128 MB	Max Memory Used: 52 MB	
"
1618415592626,"START RequestId: 23468704-4288-4386-9d16-a0b16b492307 Version: $LATEST
"
1618415592630,"END RequestId: 23468704-4288-4386-9d16-a0b16b492307
"
1618415592630,"REPORT RequestId: 23468704-4288-4386-9d16-a0b16b492307	Duration: 1.35 ms	Billed Duration: 2 ms	Memory Size: 128 MB	Max Memory Used: 52 MB	
"
1618415594051,"START RequestId: a6be0d94-1bde-4baa-8446-622853a99508 Version: $LATEST
"
1618415594056,"END RequestId: a6be0d94-1bde-4baa-8446-622853a99508
"
1618415594056,"REPORT RequestId: a6be0d94-1bde-4baa-8446-622853a99508	Duration: 1.42 ms	Billed Duration: 2 ms	Memory Size: 128 MB	Max Memory Used: 52 MB	
"
1618415595461,"START RequestId: cde7ec5b-f2fd-4502-80dc-69282709a437 Version: $LATEST
"
1618415595466,"END RequestId: cde7ec5b-f2fd-4502-80dc-69282709a437
"
1618415595466,"REPORT RequestId: cde7ec5b-f2fd-4502-80dc-69282709a437	Duration: 1.50 ms	Billed Duration: 2 ms	Memory Size: 128 MB	Max Memory Used: 52 MB	
"
1618415596887,"START RequestId: ba141ba2-c708-41a7-8a84-cce6ec288612 Version: $LATEST
"
1618415596894,"END RequestId: ba141ba2-c708-41a7-8a84-cce6ec288612
"
1618415596894,"REPORT RequestId: ba141ba2-c708-41a7-8a84-cce6ec288612	Duration: 1.46 ms	Billed Duration: 2 ms	Memory Size: 128 MB	Max Memory Used: 52 MB	
"
1618415598311,"START RequestId: 86402e65-b986-41ae-a5ad-f3e94f2aa522 Version: $LATEST
"
1618415598316,"END RequestId: 86402e65-b986-41ae-a5ad-f3e94f2aa522
"
1618415598316,"REPORT RequestId: 86402e65-b986-41ae-a5ad-f3e94f2aa522	Duration: 1.93 ms	Billed Duration: 2 ms	Memory Size: 128 MB	Max Memory Used: 52 MB	
"
1618415599744,"START RequestId: db8738fb-ce10-4960-8643-38d402d6f86a Version: $LATEST
"
1618415599749,"END RequestId: db8738fb-ce10-4960-8643-38d402d6f86a
"
1618415599749,"REPORT RequestId: db8738fb-ce10-4960-8643-38d402d6f86a	Duration: 1.32 ms	Billed Duration: 2 ms	Memory Size: 128 MB	Max Memory Used: 52 MB	
"
1618415601207,"START RequestId: cb24f2e7-cf3f-42ec-b13a-0f1584434a85 Version: $LATEST
"
1618415601211,"END RequestId: cb24f2e7-cf3f-42ec-b13a-0f1584434a85
"
1618415601211,"REPORT RequestId: cb24f2e7-cf3f-42ec-b13a-0f1584434a85	Duration: 1.21 ms	Billed Duration: 2 ms	Memory Size: 128 MB	Max Memory Used: 52 MB	
"
1618415602663,"START RequestId: b07d0253-1124-4ba5-a90b-f93e0aa4e9ae Version: $LATEST
"
1618415602669,"END RequestId: b07d0253-1124-4ba5-a90b-f93e0aa4e9ae
"
1618415602669,"REPORT RequestId: b07d0253-1124-4ba5-a90b-f93e0aa4e9ae	Duration: 1.40 ms	Billed Duration: 2 ms	Memory Size: 128 MB	Max Memory Used: 52 MB	
"
1618415604089,"START RequestId: 1d876e47-58bb-4039-8b24-c222e2619a49 Version: $LATEST
"
1618415604094,"END RequestId: 1d876e47-58bb-4039-8b24-c222e2619a49
"
1618415604094,"REPORT RequestId: 1d876e47-58bb-4039-8b24-c222e2619a49	Duration: 1.48 ms	Billed Duration: 2 ms	Memory Size: 128 MB	Max Memory Used: 52 MB	
"
1618415605523,"START RequestId: 0ee92ad8-c94c-4179-9380-2aca805587c6 Version: $LATEST
"
1618415605527,"END RequestId: 0ee92ad8-c94c-4179-9380-2aca805587c6
"
1618415605527,"REPORT RequestId: 0ee92ad8-c94c-4179-9380-2aca805587c6	Duration: 1.38 ms	Billed Duration: 2 ms	Memory Size: 128 MB	Max Memory Used: 52 MB	
"
1618415606985,"START RequestId: b1b50c4b-0747-440f-bf3b-38d9ab35bf9a Version: $LATEST
"
1618415606990,"END RequestId: b1b50c4b-0747-440f-bf3b-38d9ab35bf9a
"
1618415606990,"REPORT RequestId: b1b50c4b-0747-440f-bf3b-38d9ab35bf9a	Duration: 1.53 ms	Billed Duration: 2 ms	Memory Size: 128 MB	Max Memory Used: 52 MB	
"
1618415608406,"START RequestId: bf2f71ef-9e2f-420c-9be4-70b45080ebcd Version: $LATEST
"
1618415608410,"END RequestId: bf2f71ef-9e2f-420c-9be4-70b45080ebcd
"
1618415608410,"REPORT RequestId: bf2f71ef-9e2f-420c-9be4-70b45080ebcd	Duration: 1.38 ms	Billed Duration: 2 ms	Memory Size: 128 MB	Max Memory Used: 52 MB	
"
1618415609865,"START RequestId: dcc84929-f0bc-4848-8304-b53aa8d2963a Version: $LATEST
"
1618415609870,"END RequestId: dcc84929-f0bc-4848-8304-b53aa8d2963a
"
1618415609870,"REPORT RequestId: dcc84929-f0bc-4848-8304-b53aa8d2963a	Duration: 1.47 ms	Billed Duration: 2 ms	Memory Size: 128 MB	Max Memory Used: 52 MB	
"
1618415611270,"START RequestId: b77959ed-ac2c-4cee-b761-0de6a84ae82b Version: $LATEST
"
1618415611274,"END RequestId: b77959ed-ac2c-4cee-b761-0de6a84ae82b
"
1618415611274,"REPORT RequestId: b77959ed-ac2c-4cee-b761-0de6a84ae82b	Duration: 1.58 ms	Billed Duration: 2 ms	Memory Size: 128 MB	Max Memory Used: 52 MB	
"
1618415612709,"START RequestId: 649d90e4-3a91-40af-810a-cc64a54ea320 Version: $LATEST
"
1618415612720,"END RequestId: 649d90e4-3a91-40af-810a-cc64a54ea320
"
1618415612720,"REPORT RequestId: 649d90e4-3a91-40af-810a-cc64a54ea320	Duration: 1.90 ms	Billed Duration: 2 ms	Memory Size: 128 MB	Max Memory Used: 52 MB	
"
1618415614155,"START RequestId: c009d75c-fc07-4ea8-b240-ef6edf018b19 Version: $LATEST
"
1618415614174,"END RequestId: c009d75c-fc07-4ea8-b240-ef6edf018b19
"
1618415614174,"REPORT RequestId: c009d75c-fc07-4ea8-b240-ef6edf018b19	Duration: 1.45 ms	Billed Duration: 2 ms	Memory Size: 128 MB	Max Memory Used: 52 MB	
"
1618415615599,"START RequestId: 574cccca-2979-4908-bdb2-c81e6a63e7da Version: $LATEST
"
1618415615603,"END RequestId: 574cccca-2979-4908-bdb2-c81e6a63e7da
"
1618415615603,"REPORT RequestId: 574cccca-2979-4908-bdb2-c81e6a63e7da	Duration: 1.41 ms	Billed Duration: 2 ms	Memory Size: 128 MB	Max Memory Used: 52 MB	
"
1618415617017,"START RequestId: f5be0fcc-0aed-4281-8580-d97ab0219031 Version: $LATEST
"
1618415617022,"END RequestId: f5be0fcc-0aed-4281-8580-d97ab0219031
"
1618415617022,"REPORT RequestId: f5be0fcc-0aed-4281-8580-d97ab0219031	Duration: 1.40 ms	Billed Duration: 2 ms	Memory Size: 128 MB	Max Memory Used: 52 MB	
"
1618415618442,"START RequestId: eb686f3d-1873-4696-a384-bf57482bff59 Version: $LATEST
"
1618415618446,"END RequestId: eb686f3d-1873-4696-a384-bf57482bff59
"
1618415618446,"REPORT RequestId: eb686f3d-1873-4696-a384-bf57482bff59	Duration: 1.33 ms	Billed Duration: 2 ms	Memory Size: 128 MB	Max Memory Used: 52 MB	
"
1618415619893,"START RequestId: 75d35f45-f008-4895-a364-62ad29e23f1d Version: $LATEST
"
1618415619899,"END RequestId: 75d35f45-f008-4895-a364-62ad29e23f1d
"
1618415619899,"REPORT RequestId: 75d35f45-f008-4895-a364-62ad29e23f1d	Duration: 1.41 ms	Billed Duration: 2 ms	Memory Size: 128 MB	Max Memory Used: 52 MB	
"
1618415621316,"START RequestId: 9a8e2db1-1585-4372-84bd-b9e6360f8b2a Version: $LATEST
"
1618415621321,"END RequestId: 9a8e2db1-1585-4372-84bd-b9e6360f8b2a
"
1618415621321,"REPORT RequestId: 9a8e2db1-1585-4372-84bd-b9e6360f8b2a	Duration: 1.29 ms	Billed Duration: 2 ms	Memory Size: 128 MB	Max Memory Used: 52 MB	
"
1618415622771,"START RequestId: f66d3b79-09aa-4099-961f-947b62ee3638 Version: $LATEST
"
1618415622776,"END RequestId: f66d3b79-09aa-4099-961f-947b62ee3638
"
1618415622776,"REPORT RequestId: f66d3b79-09aa-4099-961f-947b62ee3638	Duration: 1.41 ms	Billed Duration: 2 ms	Memory Size: 128 MB	Max Memory Used: 52 MB	
"
1618415624199,"START RequestId: fbf0c1f5-15cf-405f-baa9-f3b8723e9da1 Version: $LATEST
"
1618415624203,"END RequestId: fbf0c1f5-15cf-405f-baa9-f3b8723e9da1
"
1618415624203,"REPORT RequestId: fbf0c1f5-15cf-405f-baa9-f3b8723e9da1	Duration: 1.19 ms	Billed Duration: 2 ms	Memory Size: 128 MB	Max Memory Used: 52 MB	
"
1618415625629,"START RequestId: 911d4a6f-7584-4f89-8a75-927ecb99a7a7 Version: $LATEST
"
1618415625633,"END RequestId: 911d4a6f-7584-4f89-8a75-927ecb99a7a7
"
1618415625633,"REPORT RequestId: 911d4a6f-7584-4f89-8a75-927ecb99a7a7	Duration: 1.40 ms	Billed Duration: 2 ms	Memory Size: 128 MB	Max Memory Used: 52 MB	
"
1618415627058,"START RequestId: 5bcac2a2-32bb-4cd3-b1c6-755bab60fcc9 Version: $LATEST
"
1618415627063,"END RequestId: 5bcac2a2-32bb-4cd3-b1c6-755bab60fcc9
"
1618415627063,"REPORT RequestId: 5bcac2a2-32bb-4cd3-b1c6-755bab60fcc9	Duration: 1.71 ms	Billed Duration: 2 ms	Memory Size: 128 MB	Max Memory Used: 52 MB	
"
1618415628486,"START RequestId: be50fabf-57e4-40d2-8b32-8ef89fa4c271 Version: $LATEST
"
1618415628492,"END RequestId: be50fabf-57e4-40d2-8b32-8ef89fa4c271
"
1618415628492,"REPORT RequestId: be50fabf-57e4-40d2-8b32-8ef89fa4c271	Duration: 1.58 ms	Billed Duration: 2 ms	Memory Size: 128 MB	Max Memory Used: 52 MB	
"